"","SP_ID","Int_Name","PA_type","PA_DEF","IUCN_CAT","RealmNr","Biodiversity","Wilderness","ClimateStability","LandUseStability","Area","ClimateProtection"
"1","1027","Yungas Inferiores de Isiboro-Sécure / Altamachi","KBA",NA,NA,"6",0.708455078817694,0.818734291828867,0.791668910465768,0.819842937266446,0.0281011269594563,0.131084581306914
"2","774","Kabalebo / Arapahu","KBA",NA,NA,"6",0.515810223623099,0.994648619455762,0.847222635580454,0.830889641234214,0.22842676276539,0.366202673669137
"3","688","Ilhéus / Itabuna","KBA",NA,NA,"6",0.467436176195126,0.566189309773663,0.743471225019342,0.724433155683553,0.0322991530956739,0.0636762783735611
"6","510","Talamanca Range-La Amistad Reserves / La Amistad National Park",NA,"1","Not Applicable","6",0.753609746664603,0.610905475282856,0.626093499366592,0.828932898457406,0.0778967755245624,0.105573201346288
"8","749","Reentrâncias Maranhenses / Paraenses","KBA",NA,NA,"6",0.478521663644386,0.591631262680138,0.793225151609619,0.716309781598455,0.153858839924645,0.107571591526901
"9","755","Caxiuanã / Portel","KBA",NA,NA,"6",0.515641418488593,0.790802557763784,0.663956749868213,0.800391968505555,0.465443000229232,0.400009804890182
"10","761","Aurora do Tocantins / Taguatinga","KBA",NA,NA,"6",0.293850869842706,0.257376332657597,0.787930218297495,0.670186375562441,0.0498048177435566,0.0173730329251673
"12","767","Tirecatinga / Utiariti","KBA",NA,NA,"6",0.42963799406092,0.369906470365028,0.578675853251399,0.658337695063593,0.0816860784447892,0.0527251610387426
"19","1351","Abra Patricia - Alto Mayo","KBA",NA,NA,"6",0.760739472515227,0.826129826014053,0.655301401739655,0.448978550640852,0.0477807775504782,0.095119281623814
"29","267","Aguaro-Guariquito",NA,"1","II","6",0.336142323379561,0.443142911686635,0.849058666263976,0.825712999539979,0.078780337514225,0.0202173747810157
"40","307","Alberto De Agostini",NA,"1","II","6",0.0265589795600022,0.853891852067072,0.468668333051595,NA,0.160086202076285,0.0233578421017084
"48","740","Alto Juruá","KBA",NA,NA,"6",0.512390810242771,0.941046741694007,0.700795603556071,0.781816693722368,0.072551751748572,0.102309100322905
"49","335","Alto Purus",NA,"1","II","6",0.544410004575835,0.989212034511614,0.655498385688791,0.696390059879381,0.340660636247858,0.322344587379783
"50","766","Alto Rio Juruena","KBA",NA,NA,"6",0.461862002738722,0.408867889223319,0.591226922296512,0.70860397446013,0.123165081692549,0.102391816822678
"71","1016","Área Natural de Manejo Integrado San Matías","KBA",NA,NA,"6",0.408020951666695,0.481175873865271,0.674197411753295,0.63243070027167,0.443620498623575,0.216511524479233
"80","697","Atitlan","KBA",NA,NA,"6",0.405261644909111,0.457183328130525,0.698944977822084,0.721159479781094,0.0369904537459934,0.0551464580738713
"88","499","Azul Meámbar",NA,"1","II","6",0.328980397907155,0.854618575944068,0.882978589820378,0.810401118869299,0.00358194661550952,0.00892546418781234
"98","337","Bahuaja - Sonene",NA,"1","II","6",0.778337150223859,0.812536827449086,0.779815873873336,0.691001815575739,0.14804819243375,0.190967747869679
"101","746","Baixada Maranhense","KBA",NA,NA,"6",0.388260398754501,0.642901156602413,0.826382293884931,0.740759881934771,0.277773381537204,0.133242778473754
"102","754","Baixo Rio Xingu","KBA",NA,NA,"6",0.458784896868689,0.665447439433162,0.70061184798856,0.808901184775324,0.0840562528748002,0.121911492880541
"103","1010","Bajo Río Beni, Región Tacana","KBA",NA,NA,"6",0.476011292355265,0.631370381465494,0.686127797906681,0.812046396654773,0.0651223542250772,0.0589195606491517
"104","1059","Bajos Submeridionales","KBA",NA,NA,"6",0.191493791418786,0.276192507740316,0.597692015908735,0.616784675985278,0.209196475418328,0.0412619210368651
"105","773","Bakhuys mountains","KBA",NA,NA,"6",0.479849707663683,0.985606398135701,0.868096214645614,0.829677389143387,0.0757529028313039,0.188907572055405
"109","1042","Bañado La Estrella Este","KBA",NA,NA,"6",0.218077718070251,0.595638863560014,0.954177329548936,0.709121839122012,0.0363365481542155,0.0456252129030579
"110","1043","Bañado La Estrella Oeste","KBA",NA,NA,"6",0.213080636700281,0.56547684969698,0.834507277366665,0.771940916737814,0.0265931848325272,0.0427575375881545
"111","1053","Bañados del Río Atuel","KBA",NA,NA,"6",0.0831854877568923,0.598678540460266,0.649608161043826,0,0.150304989958419,0.0287030045269939
"120","747","Barragem de Boa Esperança","KBA",NA,NA,"6",0.264853020545558,0.610056127784506,0.925633889620962,0.807543992304131,0.0375222657007129,0.0282788521457951
"127","309","Bernardo O'Higgins",NA,"1","II","6",0.0472430395969628,0.785770429475487,0.71757179587411,0.909511212113993,0.525799653051537,0.0663545103637537
"129","1265","Between Balsa Puerto and Moyabamba","KBA",NA,NA,"6",0.710219338104862,0.828900528652443,0.742815857628631,0.551790753204989,0.0301336618941977,0.0680291078929848
"134","917","Big Cypress Swamp Watershed","KBA",NA,NA,"6",0.0728919615748017,0.559470333097263,0.530743585718626,0.72661219601098,0.066142970049311,0.020452659465949
"151","701","Bosawas","KBA",NA,NA,"6",0.364842488687012,0.697361162194679,0.674038733113447,0.792538875917693,0.104591525985353,0.178734802804447
"152","1352","Bosques Secos del Valle del Río Chicamocha","KBA",NA,NA,"6",0.602297405828748,0.479462758611295,0.775527558948007,0.84785937769038,0.0447988281114,0.0465359517351812
"173","27","Calakmul",NA,"1","Ia","6",0.231668219412697,0.87022861378077,0.807606909031897,0.821892091054834,0.0330747119474065,0.0850495138258371
"174","1036","Caldenal del Sudoeste  de Buenos Aires","KBA",NA,NA,"6",0.0865418629352601,0.247319062739429,0.690597229914283,0.492609278160417,0.0372458228117303,0.0130839505417486
"176","691","Campos de Cima da Serra","KBA",NA,NA,"6",0.370594119885719,0.480811944709666,0.69449887624443,0.609904141900745,0.0608499779324046,0.051029048462239
"177","750","Campos do Encanto","KBA",NA,NA,"6",0.430608648256269,0.115353192970377,0.662977016812643,0.690734396522686,0.0366179949506534,0.0261849263608678
"178","690","Campos do Planalto das Araucárias","KBA",NA,NA,"6",0.359175761038037,0.510109673732473,0.687075949061717,0.594079333747919,0.0756956262595809,0.0498361580606327
"179","260","Canaima",NA,"1","II","6",0.6371621330979,0.760480593159148,0.854955711254545,0.818267313159758,0.412175591519005,0.272673927648484
"184","700","Caribbean lowlands and wetlands","KBA",NA,NA,"6",0.616259602354703,0.779122447943368,0.70094825807321,0.819092012147087,0.0560905765374617,0.0630304716698441
"188","1269","Carpish","KBA",NA,NA,"6",0.647015059891099,0.658061774499355,0.544404881127286,0.565980571103172,0.0294335076880438,0.0491582389347527
"190","1350","Caruachi","KBA",NA,NA,"6",0.472788420527317,0.560905488291672,0.824402856074583,0.831083229822484,0.118115830555999,0.0459895727411776
"193","1270","Cayambe-Coca Ecological Reserve and surrounding a*","KBA",NA,NA,"6",1,0.56770687730917,0.871806374067862,0.815349129619577,0.0515976207227065,0.0507144457206356
"205","244","Central Suriname",NA,"1","II","6",0.491131696598367,0.987673563294507,0.862465725482372,0.829435935524409,0.157158789730842,0.327619753216826
"208","651","Centro de Veracruz","KBA",NA,NA,"6",0.398822389787902,0.444837595966615,0.765650564007036,0.828981988528625,0.109627959326881,0.0356906925981178
"209","762","Cerrados do Nordeste de Tocantins","KBA",NA,NA,"6",0.33337322497425,0.493326908595298,0.83735080238229,0.726581964331257,0.175728500116416,0.0741073567443651
"217","1331","Chapada do Araripe","KBA",NA,NA,"6",0.256936475452377,0.420491850809278,0.90591632712856,0.805001279016615,0.0530196101306333,0.0267379269992188
"228","1272","Ciénaga de Zapata","KBA",NA,NA,"6",0.0942000186021202,0.607679487509928,0.433349965034803,0.868040490647077,0.0712678851084431,0.0200207067385348
"229","1334","Ciénaga Grande, Isla de Salamanca and Sabana Gran","KBA",NA,NA,"6",0.396399635385277,0.342042693394642,0.69741086585878,0.859364363478614,0.033364775514948,0.0144024032584568
"230","271","Ciénagas del Catatumbo",NA,"1","II","6",0.325608865250607,0.64750033800341,0.763789148276615,0.80406863872326,0.0222513640525474,0.0140139724137319
"231","264","Cinaruco-Capanaparo",NA,"1","II","6",0.440818431976201,0.467515317008824,0.86779311489758,0.831857285199469,0.090420035498874,0.0349236751569585
"237","1071","Complejo de Humedales Costeros de la Guajira","KBA",NA,NA,"6",0.387371599225874,0.549580692301795,0.77585895002699,0.824707001639196,0.028914649586681,0.0178438538721774
"238","285","Complejo de Humedales Cuyabeno Lagartococha Yasuní",NA,"1","II","6",0.573937929225462,0.902326030428652,0.732197547902941,0.808347656865338,0.104206109365778,0.218586116506312
"241","1273","Coquimbo desert scrub","KBA",NA,NA,"6",0.0474753487230607,0.311245665256171,0.463951959098295,0.766725797971517,0.0592367557060951,0.0128335409052429
"242","305","Corcovado",NA,"1","II","6",0.0556390035671752,0.75121819783947,0.593297555791221,0.798851835766008,0.0393135281680629,0.0330399303157147
"243","336","Cordillera Azul",NA,"1","II","6",0.784357455087807,0.865293247337563,0.78509717110811,0.677622182196319,0.183649771004991,0.275876399125215
"244","507","Cordillera de los Picachos",NA,"1","II","6",0.601739188382609,0.663075659617487,0.884935784775094,0.867930487160674,0.0384423306014581,0.0617712399341871
"245","1081","Cordillera del Cóndor","KBA",NA,NA,"6",0.718231321295894,0.76076483777347,0.706535303015707,0.504554301637108,0.0337391748795831,0.0681475877173947
"246","1276","Cosolapa, Acatlan, Tepexic","KBA",NA,NA,"6",0.436856848832804,0.611704939677028,0.62354454936746,0.792558440180988,0.0335290321057588,0.0305091788004286
"247","1068","Cotahuasi","KBA",NA,NA,"6",0.105455327632477,0.571662485397936,0.662775383604883,0.681445430077995,0.0660230883864658,0.020910534295142
"248","1034","Cotapata","KBA",NA,NA,"6",0.607664150527751,0.630617283278117,0.629111233989186,0.773809570920766,0.0386742813988327,0.0814244190061851
"252","1299","Cuchumatanes","KBA",NA,NA,"6",0.472825644109166,0.701449390649458,0.787526793058915,0.741578373082503,0.0400395868031082,0.0627237924660529
"254","1048","Cuenca del río Aguapey","KBA",NA,NA,"6",0.289705239395522,0.283011380971178,0.510856512066962,0.701052997859213,0.030422838651285,0.0217792547112303
"255","1038","Cuenca del Río Salado","KBA",NA,NA,"6",0.126084499999598,0,0.689368955230257,0.506844978432786,0.232934264277051,0.05400983060595
"256","1277","Cuenca Río Nanay","KBA",NA,NA,"6",0.580558198410914,0.935088092106961,0.709646280645875,0.83015964064643,0.0496970325137391,0.130562100104542
"257","1009","Cuencas de Ríos Caine y Mizque","KBA",NA,NA,"6",0.525283229213649,0.542425636173737,0.703275408418509,0.78820738283429,0.0500854062865831,0.0480794508177797
"274","233","Darién",NA,"1","II","6",0.543213716618993,0.745847983856945,0.721216198167842,0.824046818946655,0.0766503608307159,0.0913736452596109
"278","333","de Cutervo",NA,"1","II","6",0.284311371966396,0.438637598556679,0.614811954810772,0.451702384085576,0.000442777541879106,0.00547605918735241
"280","283","Defensores del Chaco",NA,"1","II","6",0.234453506544079,0.361023120441013,0.700927424545063,0.722125203996946,0.0972871172404073,0.06082311134699
"281","331","del Manu",NA,"1","II","6",0.827102336223695,0.91011594381806,0.808974361025656,0.588688706576639,0.230513306248469,0.280867745309504
"282","318","del Río Abiseo",NA,"1","II","6",0.627441433860167,0.730785632059721,0.728325058243995,0.623889930408799,0.0366724206156509,0.0769170387091712
"284","748","Delta do Parnaíba","KBA",NA,NA,"6",0.233192787827398,0.62899599982945,0.939294633356825,0.802157725318329,0.0288923283456344,0.0191758860586059
"303","1060","Dorso Occidental Subhúmedo de Santa Fe","KBA",NA,NA,"6",0.164833151084043,0.229811325975603,0.556434391891155,0.495783586876841,0.0668369507404167,0.0219650505107202
"307","261","Duida-Marahuaca",NA,"1","II","6",0.552684154062407,0.964021818104431,0.701697692518881,0.829714258168315,0.0258969550275827,0.0894237587618986
"309","1280","Dunas e Veredas do Baixo Médio São Francisco","KBA",NA,NA,"6",0.294301112024339,0.561730972378538,0.784085952559255,0.786505405171644,0.138823721756317,0.0331037856491236
"325","718","Eastern Wetlands","KBA",NA,NA,"6",0.191766384948131,0.179471296211401,0.539367046614006,0.758746928286099,0.12114153656459,0.0427709276703815
"328","1281","El Cielo","KBA",NA,NA,"6",0.263070210384966,0.678807574965734,0.813847832524161,0.821948686687839,0.0303027654778556,0.0228785416319087
"329","503","El Cocuy",NA,"1","II","6",0.54608580207806,0.563827215443514,0.696988745002856,0.843702759827173,0.0409235405862279,0.0361475498145981
"330","1282","El Colorado","KBA",NA,NA,"6",0.23654089582799,0.303103845345734,0.642913105387728,0.504199683657704,0.0303595995986291,0.0236491388021627
"335","725","El Tapado Grasslands","KBA",NA,NA,"6",0.171357811279658,0.116711120710276,0.468077224353992,0.777376142841508,0.0492539856466001,0.0132938894306715
"342","178","Environmental Protection Area of Cananéia-Iguape-Peruíbe",NA,"1","II","6",0.515356268802038,0.663203790118022,0.718315076166627,0.570553436560998,0.0268100432892147,0.0703169676665313
"346","53","Estação Ecológica Alto Maués",NA,"1","Ia","6",0.456530965801973,0.994265247627512,0.683686470583462,0.828889991663174,0.0900766799387657,0.192264867187872
"347","57","Estação Ecológica Da Terra Do Meio",NA,"1","Ia","6",0.462451545172533,0.959014032124008,0.637368447426885,0.824073010904111,0.458598992507205,0.575441866038975
"348","47","Estação Ecológica De Jutaí-Solimões",NA,"1","Ia","6",0.471871277807499,0.949232676342861,0.796507610882496,0.82983566068256,0.0387479547230566,0.0859611021402724
"349","46","Estação Ecológica De Niquiá",NA,"1","Ia","6",0.407665575964859,0.895091965015948,0.758113901993291,0.815940737248893,0.0410481875294462,0.0694293854475626
"350","689","Estação Ecológica de Uruçuí-Una","KBA",NA,NA,"6",0.28446867752942,0.545074718511597,0.840214997210055,0.805253156002602,0.027022821755075,0.0230955221216189
"351","49","Estação Ecológica Do Grão Pará",NA,"1","Ia","6",0.466875302915332,0.977004414792234,0.806878641815973,0.825542336955018,0.571773536859541,0.644812584358541
"352","59","Estação Ecológica Do Jari",NA,"1","Ia","6",0.440424757399587,0.91802783713929,0.78853801356341,0.824944739415676,0.0307966787822114,0.0948948203671931
"353","58","Estação Ecológica Juami-Japurá",NA,"1","Ia","6",0.464555453706115,0.967662898914214,0.710450909261708,0.829933816552035,0.112556268956332,0.215259692747268
"354","45","Estacao Ecologica Serra Geral Do Tocantins",NA,"1","Ia","6",0.311826075833487,0.343382009063683,0.738038484045014,0.726674452765908,0.0955667172433856,0.042202906622523
"355","1033","Este de Río Mamoré","KBA",NA,NA,"6",0.429258788580781,0.261108681343942,0.752869387530194,0.83070875933654,0.103545673945897,0.0466284561080835
"356","1037","Estepas arbustivas del Sur de Buenos Aires","KBA",NA,NA,"6",0.0568282109378027,0.251368145544976,0.471926931724225,0.804442376207164,0.0294517044784036,0.00936848031515488
"359","1045","Extensión Límite Este y Sur del Parque Nacional","KBA",NA,NA,"6",0.0913586692605767,0.449403520756178,0.746453557356065,0.885964588315034,0.0833618831749923,0.0214912562296542
"363","1284","Farallones de Cali Natural National Park","KBA",NA,NA,"6",0.696865864106676,0.460006731600603,0.685060685619344,0.837237872663244,0.0273246503094229,0.0454122600542193
"401","684","Golfo de los Mosquitos Forests","KBA",NA,NA,"6",0.513588003519221,0.756618852734823,0.674602518501924,0.80110037380976,0.0267238622675935,0.0414232087083045
"412","1078","Gran Yasuní","KBA",NA,NA,"6",0.674102691848288,0.915548743744343,0.847646748293025,0.793861265337972,0.221596195661605,0.329271968599344
"427","696","Guatemalan Caribbean Slope","KBA",NA,NA,"6",0.483531964650516,0.591909337494802,0.853246498279721,0.77305066153668,0.0624544861331355,0.0577361987333931
"428","339","Güeppi-Sekime",NA,"1","II","6",0.524318687508318,0.923570375915405,0.619838578352971,0.824321709021961,0.0270755719396158,0.109278240084034
"433","353","Guyane (Parc Amazonien)",NA,"1","II","6",0.521028054241053,1,0.991539429507958,0.828992250136813,0.274637527477638,0.610995103336955
"456","332","Huascarán",NA,"1","II","6",0.208149645028328,0.641088946173874,0.82108416009403,0.651138901206238,0.0455632905103356,0.0173340025590105
"457","1287","Huasco-Totoral coastal hills","KBA",NA,NA,"6",0.019680245427688,0.576687786580017,0.497943247190455,0.795524041459059,0.032850945331502,0.00342248969632989
"465","756","Ilha de Marajó","KBA",NA,NA,"6",0.499461714662459,0.793818872017619,0.758904857942397,0.800158230949033,0.531779924294771,0.243335733410786
"470","704","Indio Maíz","KBA",NA,NA,"6",0.417692556194832,0.725498238044555,0.782362581891899,0.809456142417597,0.0429882585745705,0.0615500719703036
"473","764","Interflúvio dos Rios Tocantins e Paranã","KBA",NA,NA,"6",0.323184196490157,0.343352494413591,0.737762346299635,0.735031485494413,0.0636564906519701,0.0273986185425839
"487","759","Jamari","KBA",NA,NA,"6",0.48061040713364,0.540219908116623,0.785999927932304,0.754625283011591,0.104134548267398,0.119592794234896
"491","263","Jaua Sarisariñama",NA,"1","II","6",0.492146642541979,0.91876358765038,0.755609740882331,0.829628601657944,0.0348865863712745,0.118631916294227
"500","1021","KAA-IYA del Gran Chaco","KBA",NA,NA,"6",0.365586788541917,0.52142870037427,0.724852500941766,0.706990128386758,0.438803920918677,0.156340097954627
"588","1047","La Fidelidad","KBA",NA,NA,"6",0.202222505320602,0.615710415328725,0.786374465802753,0.76647506508544,0.0278644499249048,0.0228522472867017
"589","22","La Payunia",NA,"1","Ia","6",0.082079518106838,0.529046111951809,0.638543135379373,0.0859523955378303,0.0918757988216052,0.0121649374855002
"593","695","Lachuá - Ik'bolay","KBA",NA,NA,"6",0.425505832552032,0.444351260576847,0.807263237383547,0.71228190973937,0.0281066240207706,0.0529787992197479
"594","1052","Lago La Plata - Fontana","KBA",NA,NA,"6",0.0610580500254618,0.394831145412893,0.663799182472944,0.968363034642397,0.0317179248754004,0.0231712097800719
"595","1014","Lago Poopó y Río Laka Jahuira","KBA",NA,NA,"6",0.0718362023004334,0.636854543488351,0.76907349808552,0.813980571343147,0.0351776250728099,0.0154403008750369
"596","1343","Lago Titicaca (Sector Boliviano)","KBA",NA,NA,"6",0.254937520147767,0.547144000275656,0.855158811565057,0.716648188252385,0.0540873761794531,0.0118355860476879
"597","1069","Laguna de los Cóndores","KBA",NA,NA,"6",0.602954475930712,0.75259305001329,0.618889295465084,0.621164677153316,0.0356968162954856,0.0540556613190016
"598","310","Laguna San Rafael",NA,"1","II","6",0.0423548010260827,0.7867187055918,0.680623739096714,0.813834238078093,0.228295131592594,0.0681548437735634
"599","1011","Lagunas de Agua Dulce del Sureste de Potosí","KBA",NA,NA,"6",0.0462753275499896,0.785186212147317,0.693119724320243,0.825233026079263,0.0462209092691556,0.0134160824545518
"600","1028","Lagunas Rogaguado y Ginebra","KBA",NA,NA,"6",0.443285564670759,0.345571441080346,0.750439558868977,0.843813355175427,0.0457666708551235,0.0329973526982724
"601","1012","Lagunas Salinas del Suroeste de Potosí","KBA",NA,NA,"6",0.0488806948410646,0.806876494147282,0.640509407659087,0.824077425359657,0.0916532049146551,0.0214430543969731
"621","340","Lanín",NA,"1","II","6",0.0761193299444438,0.610478582717648,0.562568454721121,0.654907102343176,0.0288831187694398,0.0404215071293323
"639","784","Lizarda","KBA",NA,NA,"6",0.303478271546723,0.453754052297111,0.743001759416941,0.746628504096631,0.0468591546184513,0.0294164997882279
"640","311","Llullaillaco",NA,"1","II","6",0.011733325116638,0.765185939975653,0.526522777162605,0.778986979380716,0.0357487230707761,0.00743485714106481
"650","1015","Loreto","KBA",NA,NA,"6",0.441179380120704,0.303268082026381,0.56735271804071,0.799783533051293,0.0690516023285094,0.0661709043601429
"651","533","Los Glaciares National Park",NA,"1","Not Applicable","6",0.0452459108415765,0.664060160876585,0.534857589081623,0.984331815804836,0.0965307583170879,0.014559746561513
"669","1055","Luracatao y Valles Calchaquíes","KBA",NA,NA,"6",0.107638750495896,0.661500261445316,0.630091897596892,0.582955437516412,0.0396607648428078,0.0138215227114099
"690","743","Mamirauá","KBA",NA,NA,"6",0.499922115999133,0.936071076244897,0.744760042180888,0.829314362162015,0.178575889800995,0.314081130898112
"693","1076","Manglares del golfo de Guayaquil","KBA",NA,NA,"6",0.418294851765276,0.57613568831639,0.660069170990046,0.852496273323764,0.0286915521016646,0.0159500882838556
"698","1295","Mar Muerto - Pereyra","KBA",NA,NA,"6",0.437422566430256,0.537799767012009,0.704075523472046,0.84395283320728,0.0729139446036229,0.0470998154190835
"700","272","Mariusa",NA,"1","II","6",0.310002184412202,0.767193840095812,0.59168467484885,0.832619911162546,0.0397061367280504,0.0383718839831713
"708","694","Maya - Lacandón","KBA",NA,NA,"6",0.320674300938033,0.53927180553115,0.816078517279364,0.805039292784741,0.283835082713579,0.188553314796853
"709","714","Maya Mountains and southern reserves","KBA",NA,NA,"6",0.315827822234183,0.661400586016531,0.711169194786884,0.792881287642177,0.0868199734510081,0.106792102934119
"713","284","Medanos del Chaco",NA,"1","II","6",0.241102522638187,0.457217732425078,0.846717629604116,0.75632774698339,0.0815966121868844,0.039090580577307
"714","693","Médio Rio Camaquã","KBA",NA,NA,"6",0.217283749485773,0.353971812459755,0.499935004841774,0.680353623265596,0.0518810617017941,0.0527039299495513
"717","1297","Meseta de Somuncura Provincial Natural Protected *","KBA",NA,NA,"6",0.0718565983569297,0.295453683885107,0.482981307179609,0.945692269582241,0.297557159645245,0.0224783722095071
"740","1006","Monumento Natural Cerro Urutaní","KBA",NA,NA,"6",0.452241253429376,0.961401632765671,0.724042560488796,0.827979489802356,0.0338445172268052,0.0945617854773031
"775","319","Nahuel Huapi",NA,"1","II","6",0.0908504984821185,0.638071899488706,0.685738193336819,0.798404695652512,0.0640827209115115,0.0563525292739661
"808","699","Nicoya Peninsula","KBA",NA,NA,"6",0.381701168533841,0.507117396496353,0.737300480171732,0.843661391462432,0.0407427715010677,0.0176331926859006
"815","511","Noel Kempff Mercado National Park",NA,"1","Not Applicable","6",0.519243076510307,0.642298567370504,0.713415516302944,0.745196037297071,0.218637474110419,0.224517126739449
"817","1309","North ""Quebradas"" and grasslands","KBA",NA,NA,"6",0.184349451674477,0.535034995314927,0.486403701944752,0.795152809531266,0.0801496925335768,0.0241463748921963
"825","775","North-West Suriname","KBA",NA,NA,"6",0.481472557750302,0.911328123254452,0.789639942137899,0.833761307507095,0.0349066832320062,0.0682494216685978
"831","715","Northeastern Belize","KBA",NA,NA,"6",0.246123050522503,0.66862744500257,0.67804673678852,0.824368244112427,0.031044001476074,0.020319422439997
"833","965","Northern Everglades","KBA",NA,NA,"6",0.0752917071869914,0.215572678983598,0.554702492887465,0.725975950877091,0.0544930009452714,0.0131525562712514
"853","1032","Oeste de Río Mamoré","KBA",NA,NA,"6",0.492387880408844,0.286686069590508,0.727233561051582,0.830520171494771,0.149180022325695,0.0722950644495903
"866","338","Otishi",NA,"1","II","6",0.674325609831357,0.885415030852064,0.769480220447949,0.390667083648542,0.0409772527232898,0.111737217970231
"867","1031","Otuquis Integrated Management Natural Area","KBA",NA,NA,"6",0.341701680249743,0.465438901854862,0.694353510490989,0.560037836590673,0.130932653090638,0.0961428528000643
"878","752","Pantanal de Nabileque","KBA",NA,NA,"6",0.311121882766367,0.345889233940554,0.704845961442025,0.43534297710239,0.0629894850612932,0.0354251377011856
"880","509","Paramillo",NA,"1","II","6",0.605203340567018,0.650113330610215,0.709440102164684,0.855502918275403,0.0677698874523544,0.0819194683841967
"888","265","Parima-Tapirapecó",NA,"1","II","6",0.544631527898092,0.997269480956371,0.784824066088621,0.829541700281493,0.514151879846238,0.538091078616
"889","413","Parque Estadual Chandless",NA,"1","II","6",0.502480590749166,0.96698490410585,0.600998919122026,0.827804483451711,0.0938702132670774,0.228291497372199
"890","420","Parque Estadual Da Serra Do Mar",NA,"1","II","6",0.609658332153052,0.370200753886107,0.816357747711674,0.611054797286451,0.0431183660924996,0.0695910982431568
"891","410","Parque Estadual De Corumbiara",NA,"1","II","6",0.478430082745475,0.672385001905851,0.723534106636787,0.739296836724221,0.051068643501583,0.0913316340556077
"892","408","Parque Estadual De Guajará-Mirim",NA,"1","II","6",0.459821717218086,0.687712254759867,0.703198477773303,0.792560410996141,0.0272350232157342,0.110166700392946
"893","435","Parque Estadual Do Araguaiaa",NA,"1","II","6",0.355016270058131,0.486481122095713,0.689364577226779,0.761465352907329,0.0306152454110997,0.0151013746224312
"894","409","Parque Estadual Do Matupiri",NA,"1","II","6",0.47892424206109,0.905626584378809,0.764511933654377,0.829386006921215,0.0687124523539161,0.105335785292883
"895","428","Parque Estadual Igarapés Do Juruena",NA,"1","II","6",0.429388098141345,0.959232275997885,0.770614603151244,0.82092844728149,0.0297854992178278,0.0915055203686518
"896","426","Parque Estadual Serra Do Aracá",NA,"1","II","6",0.441667807375648,0.979202727104723,0.821200054861798,0.827679970355672,0.254343660549096,0.316195837350575
"897","416","Parque Estadual Sucunduri",NA,"1","II","6",0.448810531956691,0.984937948715044,0.850022716338749,0.821653929866103,0.107706720303499,0.237568877414913
"898","1082","Parque Nacional Cayambe-Coca","KBA",NA,NA,"6",0.999951138009849,0.565630033434957,0.867023161721513,0.815357906846491,0.0497766952261734,0.050714445721077
"899","1058","Parque Nacional Copo","KBA",NA,NA,"6",0.167836056246714,0.50543296353153,0.689155306245078,0.59008670484596,0.0338348496658744,0.0196701533815121
"900","433","Parque Nacional Da Amazônia",NA,"1","II","6",0.490661680829532,0.87104838869416,0.689330867412271,0.830646047005457,0.144512023572739,0.20987473478469
"901","686","Parque Nacional da Chapada Diamantina","KBA",NA,NA,"6",0.365417068792546,0.527368830102346,0.849470174195551,0.714686209409058,0.0605295216240576,0.0370596057294594
"902","430","Parque Nacional Da Chapada Dos Veadeiros",NA,"1","II","6",0.331891989141625,0.336601943057626,0.681428112052079,0.732420388117327,0.0320610687384296,0.0267250437354579
"903","783","Parque Nacional da Serra da Bodoquena e Entorno","KBA",NA,NA,"6",0.337377399904046,0.481884481756754,0.558218261671514,0.488612406799577,0.043762032996832,0.0291962566989046
"904","415","Parque Nacional Da Serra Da Cutia",NA,"1","II","6",0.448506833835996,0.850314376368121,0.728096860393279,0.809212604675347,0.0379097855333013,0.109708321908124
"905","424","Parque Nacional Da Serra Do Divisor",NA,"1","II","6",0.544181753279877,0.900795485814255,0.705903145812348,0.812528964912848,0.113350219064554,0.252674716377565
"906","423","Parque Nacional Da Serra Do Pardo",NA,"1","II","6",0.408680788226886,0.865476027317179,0.645002985504382,0.823306704719476,0.0599685520215529,0.140248993042113
"907","387","Parque Nacional Das Nascentes Do Rio Parnaiba",NA,"1","II","6",0.31372184178575,0.423322329795569,0.775161922427797,0.774518974853186,0.101383677942332,0.0415642716744381
"908","411","Parque Nacional De Anavilhanas",NA,"1","II","6",0.560129006418937,0.860909964073274,0.727886501274705,0.828000557289041,0.0470171479662631,0.110759549961395
"909","419","Parque Nacional De Pacaás Novos",NA,"1","II","6",0.453926311125466,0.52613750908133,0.675146390038937,0.680532764692157,0.0957833840486967,0.170586835018279
"910","412","Parque Nacional Do Acari",NA,"1","II","6",0.45695683089615,0.96180589790735,0.710952832908298,0.826284554516362,0.121344933344547,0.205992849829785
"911","432","Parque Nacional Do Araguaia",NA,"1","II","6",0.358687328792313,0.555576966779279,0.663641511875868,0.754972402277587,0.0749283684186539,0.0495556511088667
"912","436","Parque Nacional Do Boqueirão Da Onça",NA,"1","II","6",0.313925885453123,0.550966080719139,0.857705183158286,0.76349113492319,0.0465465062117023,0.0272564361793452
"913","782","Parque Nacional do Cabo Orange","KBA",NA,NA,"6",0.490320000989337,0.864480416767562,0.816534926388714,0.827019195242608,0.0552066797911141,0.0645767771872797
"914","418","Parque Nacional Do Jamanxim",NA,"1","II","6",0.438760293074001,0.905066313901991,0.7013082027539,0.828191689936418,0.116814907431543,0.227044272901291
"915","429","Parque Nacional Do Jaú",NA,"1","II","6",0.488495863133576,0.977095408099596,0.801649972666053,0.829257258610845,0.321689960620522,0.304469594015789
"916","427","Parque Nacional Do Juruena",NA,"1","II","6",0.466110399578822,0.949240942704551,0.749039034020226,0.815114106895562,0.265722615862821,0.411450602670937
"917","417","Parque Nacional Do Pico Da Neblina",NA,"1","II","6",0.504021123774193,0.972928850046432,0.827910883582021,0.829604555195204,0.305999549107649,0.29033297233776
"918","431","Parque Nacional Do Rio Novo",NA,"1","II","6",0.433437619421666,0.914235391690031,0.66346241358365,0.821948834174804,0.0725805846230613,0.212816699071644
"919","414","Parque Nacional Dos Campos Amazônicos",NA,"1","II","6",0.472641308541677,0.862782598570584,0.784482369788416,0.815145488628219,0.130194090702018,0.226352187903098
"920","407","Parque Nacional Grande Sertão Veredas",NA,"1","II","6",0.323446962008171,0.467208706969209,0.722014084202788,0.696890805233203,0.0307327104902172,0.0168778863470272
"921","1080","Parque Nacional Llanganates","KBA",NA,NA,"6",0.871377963917884,0.520435615485755,0.772553795198618,0.829517680409071,0.0292379871666376,0.0365147649822643
"922","1051","Parque Nacional Los Alerces y Laguna Terraplén","KBA",NA,NA,"6",0.062559026498692,0.634255256172412,1,0.98172374121184,0.0343243118840903,0.0305840542947453
"923","422","Parque Nacional Mapinguari",NA,"1","II","6",0.531767784999264,0.911588401637905,0.733518378455108,0.815297564875524,0.241225842360415,0.364367679280388
"924","406","Parque Nacional Montanhas Do Tumucumaque",NA,"1","II","6",0.521035746371917,0.974699660098671,0.917350953176084,0.826189536106729,0.52565656849698,0.705362977500973
"925","434","Parque Nacional Nascentes Do Lago Jari",NA,"1","II","6",0.472114993731683,0.953138961484111,0.787286946422095,0.829309290832627,0.109985054294469,0.158251434151439
"926","1070","Parque Nacional Natural Amacayacu","KBA",NA,NA,"6",0.524599038951611,0.935591870884348,0.73497359353349,0.831241674631397,0.0353539012266507,0.0948552034673391
"927","1072","Parque Nacional Natural El Tuparro","KBA",NA,NA,"6",0.445276923508355,0.438653024883133,0.809153227924875,0.84789296983558,0.0740867853789881,0.0370348549015578
"928","421","Parque Nacional Serra Da Mocidade",NA,"1","II","6",0.402613209827776,0.963222793740086,0.822847565241868,0.821866453472404,0.0482588632894177,0.0866521457806717
"929","425","Parque Nacional Serra Das Confusões",NA,"1","II","6",0.282902009259004,0.59017084810967,0.926227110718038,0.823507943606391,0.111475149479119,0.058064091068921
"930","1308","Parque Nacional Sumaco-Napo Galeras","KBA",NA,NA,"6",0.929806039282585,0.616392492783058,0.853339521284689,0.80073673475929,0.0276408250614842,0.0643282672434608
"932","1062","Pastizales de La Travesía y Buena Esperanza","KBA",NA,NA,"6",0.0907003724148625,0.197131303566956,0.894412762256504,0.0311002950572821,0.037731245416088,0.0158886657587913
"933","334","Patagonia",NA,"1","II","6",0.0573603695810819,0.600687213272271,0.666986550126739,1,0.0402307377608585,0.0167462044694384
"940","534","Península Valdés",NA,"1","Not Applicable","6",0.0358809421953809,0.117812516934714,0.679628849961964,0.968259577321442,0.0513790808943519,0.00382212338218776
"941","269","Perijá",NA,"1","II","6",0.472920623913182,0.590541281481927,0.67213956069132,0.839602386086263,0.0393821711778119,0.0587180577455155
"952","1349","Pompeu","KBA",NA,NA,"6",0.376729814689897,0.41086568317896,0.498484772955214,0.65138112137195,0.0381931399752716,0.0174876980366772
"960","312","Pumalín Douglas Tompkins",NA,"1","II","6",0.0549029571667096,0.765880300717179,0.827856453928376,0.869503501975214,0.0537931672062031,0.0290306789875368
"978","1342","Ramis y Arapa (Lago Titicaca, sector Peruano)","KBA",NA,NA,"6",0.2252238730643,0.501311438598627,0.753847450016333,0.673568323036346,0.0643489981295479,0.0150885449070576
"981","1330","Raso da Catarina","KBA",NA,NA,"6",0.286640780810151,0.541243999011585,0.848817436710946,0.717456329578491,0.0538584916603035,0.0191091083739883
"985","692","Região dos Aparados da Serra","KBA",NA,NA,"6",0.38552157347019,0.446298608862455,0.68914842375491,0.60860308236505,0.0359760679024445,0.0400602919978772
"988","54","Reserva Biológica De Maicuru",NA,"1","Ia","6",0.42695977270592,0.971228685261077,0.907653206658342,0.826114567188514,0.159066587562934,0.364446721623108
"989","60","Reserva Biológica Do Abufari",NA,"1","Ia","6",0.460114734903228,0.968834270524353,0.781643816528981,0.829641630616043,0.029806925194065,0.0859396141717746
"990","51","Reserva Biológica Do Guaporé",NA,"1","Ia","6",0.457344226568063,0.642191481182485,0.692405041889358,0.736926897105936,0.0831306285117575,0.11960843707306
"991","55","Reserva Biológica Do Gurupi",NA,"1","Ia","6",0.365398113070245,0.666149372565201,0.789488444455346,0.714029050079346,0.0362531809343715,0.0698249957452023
"992","50","Reserva Biológica Do Jaru",NA,"1","Ia","6",0.4559093623941,0.5189099977907,0.695587370351068,0.70514085549834,0.0465401677906675,0.0875305584029027
"993","52","Reserva Biológica Do Lago Piratuba",NA,"1","Ia","6",0.443011993760314,0.721603173816484,0.718499291081362,0.813197777771456,0.0527675338196087,0.0331776637023794
"994","62","Reserva Biológica Do Manicoré",NA,"1","Ia","6",0.444619191234588,0.985713199937959,0.763535597860503,0.825425929227012,0.0482218872004117,0.0883395177613344
"995","56","Reserva Biológica Do Rio Trombetas",NA,"1","Ia","6",0.425149070382263,0.955770421582941,0.805333814889705,0.829218997367377,0.054851303485939,0.113054199380067
"996","48","Reserva Biológica Do Uatumã",NA,"1","Ia","6",0.42613733254839,0.930460189265906,0.790101073334689,0.829480587520474,0.127132654557529,0.182322625736523
"997","61","Reserva Biológica Nascentes Serra Do Cachimbo",NA,"1","Ia","6",0.386787335445371,0.759651328362584,0.6904088007877,0.800296330203099,0.0459085558216888,0.0780983396299729
"998","1338","Reserva Comunal El Sira","KBA",NA,NA,"6",0.717276503267878,0.873524779205927,0.716572319915785,0.543133465806327,0.232612086139975,0.307893363375667
"999","1063","Reserva Costa Atlántica de Tierra del Fuego y zon","KBA",NA,NA,"6",0.0274237955808491,0.255220250870372,0.593310984684889,0.833932985215363,0.0277534047703438,0.0117198145112517
"1000","1018","Reserva de Inmovilización Iténez","KBA",NA,NA,"6",0.453491291657996,0.68046175988191,0.722696410251628,0.797366589065992,0.123172173859405,0.113867465485724
"1002","1064","Reserva de la Biósfera Yabotí","KBA",NA,NA,"6",0.362073255934123,0.64676387910082,0.667519336781394,0.403958240932239,0.0298799875074193,0.0527521004816226
"1003","1041","Reserva de Uso Múltiple Bañados del Río Dulce y","KBA",NA,NA,"6",0.176331733772754,0.472147996895398,0.675140545291693,0.363146768528886,0.204314668185266,0.0380129033857621
"1004","1083","Reserva Ecológica Cotacachi-Cayapas","KBA",NA,NA,"6",0.777567395378629,0.614584884247392,0.705683364216157,0.8298331923683,0.0462382194167869,0.0664382011741343
"1005","1029","Reserva Forestal Alto Paraguá","KBA",NA,NA,"6",0.477787950685828,0.432498958259875,0.711621779714303,0.785768823581591,0.0695656129134235,0.0857126657415573
"1006","1339","Reserva Forestal Imataca","KBA",NA,NA,"6",0.59580171909524,0.913536073224593,0.788838310191061,0.829132827797677,0.514202655545312,0.461929970937403
"1007","1005","Reserva Forestal Sipapo","KBA",NA,NA,"6",0.54495855509975,0.919387867840448,0.794141551364696,0.838995413409212,0.341211315659085,0.24723513480674
"1008","1019","Reserva Nacional Amazónica Manuripi Heath","KBA",NA,NA,"6",0.525713515140159,0.870432030747054,0.628995553738599,0.768901331322915,0.1028581727123,0.1900298272199
"1009","1022","Reserva Nacional de Flora y Fauna Tariquía","KBA",NA,NA,"6",0.325924307126989,0.697579133980545,0.687442696362039,0.695232970514323,0.0339792146641426,0.0474282362195563
"1010","1065","Reserva Nacional Pacaya Samiria","KBA",NA,NA,"6",0.610223386803239,0.941312447189783,0.728325891282224,0.794027838256419,0.295034010785886,0.470921493655298
"1011","1067","Reserva Nacional Salinas y Aguada Blanca","KBA",NA,NA,"6",0.109861807203158,0.529941690008738,0.641802377921971,0.716703489691971,0.0494622356204639,0.0188104698350262
"1012","751","Reserva Particular do Patrimônio Natural SESC Pan","KBA",NA,NA,"6",0.381890998372579,0.488669739165821,0.618400516893319,0.534355322730661,0.068236001070551,0.0624395394299932
"1013","1054","Reserva Provincial Laguna Brava","KBA",NA,NA,"6",0.0301866459607448,0.839546330228153,0.599871100555546,0.471483008701386,0.0577467977448577,0.00635658519872273
"1014","1049","Reserva Provincial Olaroz-Cauchari","KBA",NA,NA,"6",0.0533404197731087,0.805165803606893,0.823859501818503,0.776180337709647,0.0280466329112983,0.0105975558818019
"1015","1039","Reserva Provincial y de la Biosfera Laguna Blanca","KBA",NA,NA,"6",0.116740673837256,0.727391302781181,0.783802698154437,0.549142128272902,0.0780534668755968,0.0216897118810609
"1032","1310","Río Abiseo National Park buffer zone","KBA",NA,NA,"6",0.647550190576002,0.686430801774779,0.667475390055402,0.634624222789357,0.0871246485070417,0.0998879328265458
"1033","687","Rio Arrojado","KBA",NA,NA,"6",0.316098500980603,0.372822147720548,0.79298727329243,0.729856314788635,0.0569999539551797,0.031524466671567
"1034","757","Rio Capim","KBA",NA,NA,"6",0.455521638592575,0.516356730045912,0.715685972845231,0.726753336166697,0.290936779338115,0.259946732378751
"1035","1074","Río Conambo-Bobonaza","KBA",NA,NA,"6",0.745815649698494,0.87299771289943,0.800172219686366,0.766357291230819,0.118010250348304,0.204349354491713
"1036","698","Río Negro - Pantanal","KBA",NA,NA,"6",0.297903668485379,0.367222506113318,0.696036581403788,0.565232858387106,0.0280226417053907,0.0328384254295183
"1037","512","Río Plátano Biosphere Reserve",NA,"1","Not Applicable","6",0.326547517653363,0.77711224660465,0.731228865028277,0.814058518081736,0.0681654408916487,0.0956860629421094
"1038","506","Rio Pure",NA,"1","II","6",0.454367304348851,0.983306748845078,0.675520232447269,0.830238680906969,0.133564195989729,0.161129936684425
"1039","1348","Rio Tacutu","KBA",NA,NA,"6",0.618657801389277,0.471830329084347,0.767260915148797,0.810160290990427,0.404638559207868,0.20548805141979
"1040","753","Rios Negro e Aquidauana","KBA",NA,NA,"6",0.325388166413866,0.457782632017483,0.63002281320439,0.389051356064487,0.0423223591538753,0.0270641277979182
"1051","1057","Salinas de Ambargasta","KBA",NA,NA,"6",0.167105191114512,0.615804193708824,0.844888074310394,0.320494844411305,0.0328238828912103,0.0189885142198897
"1052","1040","Salinas Grandes","KBA",NA,NA,"6",0.191463130842639,0.646508587958094,0.890703828593273,0.138772512709901,0.0728605143982668,0.0253224940428987
"1056","1044","San Antonio Oeste","KBA",NA,NA,"6",0.0643356983856272,0.383432256556479,0.538766870306725,0.78993410785999,0.0436399044069749,0.011236586457244
"1057","304","San Guillermo",NA,"1","II","6",0.0444003416781729,0.839045127233221,0.572638379337789,0.475024632489577,0.127738744300316,0.00819299792201252
"1058","1061","San Javier","KBA",NA,NA,"6",0.199669593179449,0.290949475525542,0.522629222288549,0.661355112778573,0.0476031544033909,0.0252498912275268
"1063","532","Sangay National Park",NA,"1","Not Applicable","6",0.761526748003563,0.712580784292271,0.824272303773714,0.805190442681458,0.0335027732682831,0.0386927795318822
"1066","1306","Santiago pampas","KBA",NA,NA,"6",0.260536173386076,0.121554527880939,0.499999345429449,0.670056656684883,0.0322996017995423,0.0216054988585313
"1070","742","Savanas do Amapá","KBA",NA,NA,"6",0.480974886974879,0.668181512253722,0.800214613155604,0.821775636715496,0.103721485880033,0.106495835475041
"1074","1283","Selva Zoque I","KBA",NA,NA,"6",0.448258826547237,0.747136065448729,0.83529221035267,0.869244367295442,0.142263154384085,0.0855341511134684
"1079","739","Serra dos Carajás","KBA",NA,NA,"6",0.410250636903598,0.56147070619962,0.574103187488286,0.721204748388165,0.165918924992917,0.1662216885713
"1080","502","Serrania de Chiribiquete",NA,"1","II","6",0.521797399470579,0.942541393403696,0.755828292603067,0.850858376291171,0.578965427044359,0.557561151129066
"1081","262","Serranía de la Neblina",NA,"1","II","6",0.502525245745538,0.979659520705746,0.73828223826186,0.829575080850707,0.15493928172476,0.202399490845821
"1082","1311","Serranía de los Yariguíes","KBA",NA,NA,"6",0.588111352954902,0.486990745785974,0.820098373646552,0.861330922657001,0.0323370209198108,0.0645890816964031
"1083","1073","Serranía de San Lucas","KBA",NA,NA,"6",0.451279218476836,0.693965088904627,0.648165952899477,0.896993627444678,0.0912151610791462,0.0996996361779986
"1084","720","Serranias del Este","KBA",NA,NA,"6",0.154848999099687,0.104692888110301,0.536976424015552,0.779416343979921,0.0739386378611336,0.0274870415044639
"1090","26","Sian Ka'an",NA,"1","Ia","6",0.196768331347751,0.788178412402545,0.6852810794721,0.834514110117662,0.0373802562745292,0.0336059177111446
"1093","1313","Sierpe Wetlands and Osa Peninsula","KBA",NA,NA,"6",0.506787268407499,0.624316479129098,0.77906254294456,0.827545349167289,0.0302599150877236,0.0259987692947938
"1095","1315","Sierra de Juárez","KBA",NA,NA,"6",0.487814180657638,0.659673913209333,0.7071300819502,0.803165336524482,0.0512191180632646,0.0506162287235859
"1097","505","Sierra de la Macarena",NA,"1","II","6",0.583231315865807,0.706568497753735,0.818785111275351,0.857331131566688,0.0836320333056343,0.130118844415885
"1098","1316","Sierra de las Minas - Motagua","KBA",NA,NA,"6",0.487484366887162,0.634154797394935,0.881582164707753,0.723232164692527,0.0572834554644094,0.0494881683421638
"1099","1317","Sierra de Miahuatlán","KBA",NA,NA,"6",0.286093138848303,0.670157836085959,0.696963708557367,0.816975098711917,0.0384521998900298,0.0233386868896804
"1101","316","Sierra del Divisor",NA,"1","II","6",0.57814790881624,0.941699970932271,0.706477734530142,0.802845029522198,0.183817032268375,0.341660442308451
"1103","1320","Sierra Nevada de Santa Marta National Natural Par*","KBA",NA,NA,"6",0.516224385629978,0.58426528668272,0.714914317387047,0.849047972020157,0.068277344274469,0.0514165254651441
"1105","268","Sierra Nevada",NA,"1","II","6",0.596903127141113,0.526241855282568,0.706463328823343,0.798966046860861,0.0202287385046425,0.0331415836656035
"1106","1321","Sierra Norte de Oaxaca II","KBA",NA,NA,"6",0.481927515962194,0.717667037841555,0.759434631724779,0.84805470382723,0.0389464985038103,0.0566463769200304
"1107","703","Silva Hill","KBA",NA,NA,"6",0.289990407064237,0.638174237855436,0.61043490300726,0.780229137056643,0.028862344558405,0.0437468608109911
"1113","1050","Sistema de lagunas de Vilama-Pululos","KBA",NA,NA,"6",0.0556292516581632,0.817515951141809,0.759818570171619,0.814316273140508,0.0452223808676822,0.0180219640368086
"1117","259","Soufriere",NA,"1","II","6",0.00767627208900018,0.389681331400593,0,0.837932054835799,0,0
"1145","508","Sumapaz",NA,"1","II","6",0.667164700675727,0.448464128860457,0.680189123656609,0.880821702055172,0.029452070018233,0.0330760253355376
"1151","741","Tabocais","KBA",NA,NA,"6",0.557560771161464,0.902318213482457,0.768524777017718,0.818379383634136,1,1
"1153","1020","Tahuamanu","KBA",NA,NA,"6",0.487964292599214,0.657894131123918,0.774420095846949,0.778540387972385,0.0295067485536035,0.0866642574813769
"1155","341","Talampaya",NA,"1","II","6",0.07659792677026,0.758563542776951,0.716133386413676,0.147412633492204,0.0282735652692751,0.00559983819053944
"1158","1066","Tambopata","KBA",NA,NA,"6",0.706489702163263,0.814066309472662,0.797668152512323,0.696928112860928,0.0371321022460165,0.123321954395851
"1168","760","Tepuis de Roraima","KBA",NA,NA,"6",0.612202809844236,0.70578106538366,0.63406694906237,0.806936623769103,0.0331267683422206,0.0649981443651402
"1171","745","Terra Ronca","KBA",NA,NA,"6",0.346242043566481,0.193204052921966,0.724246350868402,0.703779348276788,0.0913351960459,0.0377888039146198
"1172","1075","Territorio Achuar","KBA",NA,NA,"6",0.671004780617436,0.89428976036109,0.83795731178943,0.731895037171248,0.104230314717356,0.179029403271427
"1186","1079","Tierras altas de Isabela","KBA",NA,NA,"6",0,0.945586879315748,0.48465454262824,0.840364265262514,0.0287376045096805,0.00240560593770514
"1187","282","Tinfunque",NA,"1","II","6",0.227376898370309,0.518042701328971,0.962225400752509,0.647681664057552,0.0230439844499006,0.0305751689910482
"1188","504","Tinigua",NA,"1","II","6",0.502889589812925,0.547137480356837,0.70848951550507,0.85410187704656,0.0284496415081775,0.0687540093123811
"1194","306","Torres del Paine",NA,"1","II","6",0.0411807196817654,0.687387300375655,0.19645084425651,0.953843302831304,0.0270219013245398,0.00793635507395402
"1220","1227","Unai","KBA",NA,NA,"6",0.35689765002225,0.171130934018101,0.628347821511612,0.568256569714527,0.0387032259408965,0.0351106811045785
"1229","1324","Upper Vacacai pampas","KBA",NA,NA,"6",0.231116170275412,0.141219141846515,0.469475090263535,0.676770552539519,0.0644846386563139,0.0282395859462851
"1236","763","Vale do Rio Palmeiras","KBA",NA,NA,"6",0.290143758305389,0.351323618973506,0.652752965921317,0.66225379141505,0.0363735576763817,0.0178888204648724
"1237","1325","Valle de Tehuacán-Cuicatlán","KBA",NA,NA,"6",0.456874452719097,0.616016627595254,0.654609475559411,0.78577639766158,0.0659885525409104,0.0408274776417404
"1238","1046","Valle del río Paraguay-Paraná","KBA",NA,NA,"6",0.278139103078475,0.330591017452708,0.576813779476171,0.735424900549778,0.0311864366214959,0.0312856254038135
"1239","1056","Valle Fluvial del Río Paraguay","KBA",NA,NA,"6",0.31402552733968,0.325338026505694,0.726989354825654,0.647511254299786,0.0485270789797977,0.0402860926884436
"1240","758","Várzeas de Monte Alegre","KBA",NA,NA,"6",0.597585180190389,0.732071672793432,0.721932213630151,0.823239921580547,0.362199108068715,0.340082116388472
"1241","744","Várzeas do Médio Rio Amazonas","KBA",NA,NA,"6",0.622750623229629,0.769617701218786,0.733979445607021,0.82871959821483,0.390912075981166,0.421407201724587
"1244","1077","Verde-Ónzole-Cayapas-Canandé","KBA",NA,NA,"6",0.545481268901455,0.678634318989097,0.714856237379232,0.836060892330723,0.0274431050276068,0.0377313812190989
"1247","308","Vicente Perez Rosales",NA,"1","II","6",0.0862497864991851,0.729655974343412,0.631910731749468,0.839603423086356,0.0300551218313877,0.040393545296211
"1248","1035","Villa Iris, Chasicó, Napostá","KBA",NA,NA,"6",0.0912052975922752,0.222443652847949,0.661791954974386,0.583602083719785,0.0418841692607448,0.0156313921615912
"1251","177","Viruá National Park",NA,"1","II","6",0.408838205231105,0.856467485441051,0.674905934878228,0.812026411498694,0.0285977036037518,0.0554722929913866
"1275","702","Wawashan","KBA",NA,NA,"6",0.291324781509397,0.380423637596183,0.631201325040296,0.778242422460467,0.0298462336830408,0.0435784367798227
"1309","317","Yaguas",NA,"1","II","6",0.526390074248604,0.971288244191512,0.766986777195617,0.831295371922663,0.117557311824401,0.204799304872082
"1318","266","Yapacana",NA,"1","II","6",0.472016590087951,0.935755093881189,0.679442671913842,0.832145019453842,0.0374589592274927,0.0594423826742262
"1328","1013","Yungas Inferiores de Amboró","KBA",NA,NA,"6",0.674487416203763,0.635073393857512,0.588774098368592,0.638212168422324,0.0441288707824468,0.0707126814534675
"1329","1030","Yungas Inferiores de Carrasco","KBA",NA,NA,"6",0.730928854158603,0.655752013255778,0.717370524059914,0.753155870421681,0.0628207051856193,0.0838428018078716
"1330","1017","Yungas Inferiores de Madidi","KBA",NA,NA,"6",0.702645085756434,0.826482172039731,0.633590571066406,0.711768120934858,0.0540635755606921,0.119254368567839
"1331","1023","Yungas Inferiores de Pilón Lajas","KBA",NA,NA,"6",0.612641569745516,0.733884738048219,0.653109296296862,0.807640398627858,0.0362366388627288,0.0803476668068745
"1332","1024","Yungas Superiores de Amboró","KBA",NA,NA,"6",0.616459591923888,0.668127759299883,0.622029588799242,0.664996430570083,0.0360138548789169,0.0542865612766177
"1333","1328","Yungas Superiores de Apolobamba","KBA",NA,NA,"6",0.579173206233843,0.602449432454142,0.79733545664958,0.724805732636664,0.0633318068298801,0.0478133901391043
"1334","1025","Yungas Superiores de Carrasco","KBA",NA,NA,"6",0.696139726854663,0.633967667820368,0.672065322898878,0.786916147963486,0.0300463268497384,0.0585993733209415
"1335","1008","Yungas Superiores de Madidi","KBA",NA,NA,"6",0.676110965343402,0.751302400415217,0.59194419301549,0.720571353723958,0.0347079099895361,0.0794769790695107
"1336","1026","Yungas Superiores de Mosetenes y Cocapata","KBA",NA,NA,"6",0.696702518752583,0.782645687543115,0.781803689367622,0.81848530963372,0.0494561926770943,0.0997489276650439
"1344","1274","Zona Protectora Macizo Montañoso del Turimiquire","KBA",NA,NA,"6",0.403547729376255,0.515304044164602,0.745919535471929,0.832563820859237,0.0642702397958782,0.0573628254016151
"1345","1007","Zona Protectora San Rafael de Guasare","KBA",NA,NA,"6",0.473871426248045,0.438780222669054,0.755083874587138,0.826633137735465,0.0497768825810853,0.042216011897771
